sample,latency_cycles
1,2619
2,2554
3,2630
4,2554
5,2620
6,2554
7,2618
8,2554
9,2580
10,2570
11,2638
12,2558
13,2634
14,2554
15,2618
16,2554
17,2578
18,2554
19,2618
20,2562
21,2618
22,2554
23,2618
24,2578
25,2618
26,2554
27,2554
28,2554
29,2554
30,2554
31,2554
32,2554
33,2554
34,2562
35,2560
36,2554
37,2554
38,2554
39,2554
40,2570
41,2570
42,2554
43,2554
44,2554
45,2556
46,2554
47,2554
48,3420
49,2554
50,2618
51,2554
52,2618
53,2564
54,2618
55,2568
56,2632
57,2554
58,2620
59,2554
60,2618
61,2554
62,2632
63,2554
64,2618
65,2554
66,2618
67,2554
68,2618
69,2554
70,2618
71,2554
72,2642
73,2554
74,2618
75,2564
76,2576
77,2554
78,2618
79,2554
80,2618
81,2572
82,2618
83,2578
84,2618
85,2554
86,2618
87,2554
88,2618
89,2554
90,2620
91,2514
92,2618
93,2554
94,2618
95,2554
96,2634
97,2512
98,2618
99,2554
100,2618
101,2554
102,2636
103,2554
104,2630
105,2554
106,2638
107,2570
108,2638
109,2554
110,2618
111,2554
112,2634
113,2554
114,2618
115,2554
116,2634
117,2554
118,2618
119,2554
120,2636
121,2554
122,2638
123,2574
124,2618
125,2554
126,2630
127,2554
128,2618
129,2514
130,2618
131,2948
132,2618
133,2554
134,2618
135,2554
136,2618
137,2556
138,2618
139,2554
140,2618
141,2554
142,2618
143,2554
144,2618
145,2570
146,2618
147,2554
148,2618
149,2578
150,2618
151,2554
152,2618
153,2554
154,2618
155,2560
156,2618
157,2618
158,2640
159,2554
160,2618
161,2560
162,2618
163,2560
164,2618
165,2554
166,2628
167,2554
168,2554
169,2568
170,2564
171,2564
172,2948
173,2568
174,2554
175,2570
176,2554
177,2554
178,2554
179,2554
180,2554
181,2564
182,2554
183,2554
184,2554
185,2554
186,2514
187,2514
188,2554
189,2554
190,2554
191,2618
192,2554
193,2618
194,2554
195,2618
196,2554
197,2618
198,2554
199,2644
200,2558
201,2628
202,2560
203,2632
204,2554
205,2626
206,2554
207,2636
208,2554
209,2618
210,2572
211,2618
212,2554
213,2618
214,2554
215,2632
216,2554
217,2580
218,2554
219,2618
220,2554
221,2618
222,2618
223,2618
224,2510
225,2618
226,2556
227,2618
228,2554
229,2640
230,2578
231,2618
232,2554
233,2618
234,2568
235,2618
236,2618
237,2576
238,2554
239,2634
240,2558
241,2638
242,2554
243,2636
244,2560
245,2618
246,2554
247,2618
248,2554
249,2628
250,2554
251,2630
252,2554
253,2618
254,2554
255,2580
256,2554
257,2618
258,2554
259,2644
260,2578
261,2748
262,2564
263,2618
264,2556
265,2638
266,2560
267,2618
268,2510
269,2618
270,2554
271,2618
272,2510
273,2620
274,2580
275,2618
276,2554
277,2618
278,2554
279,2628
280,2554
281,2618
282,2554
283,2618
284,2514
285,2618
286,2566
287,2638
288,2554
289,2634
290,2554
291,2620
292,2554
293,2618
294,2556
295,2618
296,2560
297,2636
298,2554
299,2634
300,2554
301,2618
302,2554
303,2634
304,2566
305,2618
306,2554
307,2638
308,2554
309,2622
310,2554
311,2554
312,2554
313,2554
314,2562
315,2554
316,2554
317,2554
318,2554
319,2554
320,2554
321,2554
322,2554
323,2554
324,2562
325,2554
326,2554
327,2554
328,2554
329,2554
330,2554
331,2554
332,2554
333,2554
334,2622
335,2554
336,2618
337,2554
338,2644
339,2512
340,2618
341,2554
342,2618
343,2554
344,2618
345,2554
346,2620
347,2554
348,2640
349,2554
350,2618
351,2554
352,2618
353,2554
354,2624
355,2562
356,2636
357,2554
358,2618
359,2554
360,2684
361,2554
362,2636
363,2554
364,2618
365,2572
366,2618
367,2554
368,2626
369,2576
370,2628
371,2556
372,2576
373,2554
374,2618
375,2554
376,2618
377,2566
378,2618
379,2514
380,2624
381,2554
382,2618
383,2554
384,2618
385,2576
386,2618
387,2554
388,2618
389,2554
390,2628
391,2554
392,2632
393,2554
394,2618
395,2554
396,2618
397,2554
398,2618
399,2578
400,2618
401,2568
402,2624
403,2554
404,2618
405,2554
406,2618
407,2554
408,2618
409,2554
410,2618
411,2576
412,2642
413,2554
414,2640
415,2514
416,2618
417,2554
418,2618
419,2618
420,2618
421,2554
422,2620
423,2554
424,2618
425,2554
426,2618
427,2558
428,2618
429,2554
430,2618
431,2512
432,2618
433,2514
434,2618
435,2554
436,2620
437,2554
438,2618
439,2558
440,2618
441,2564
442,2618
443,2554
444,2618
445,2556
446,2618
447,2554
448,2618
449,2554
450,2578
451,2554
452,2618
453,2554
454,2554
455,2554
456,2554
457,2554
458,2554
459,2554
460,2554
461,2574
462,2554
463,2554
464,2554
465,2554
466,2554
467,2510
468,2554
469,2568
470,2554
471,2554
472,2554
473,2564
474,2554
475,2556
476,2564
477,2618
478,2514
479,2618
480,2554
481,2618
482,2554
483,2580
484,2554
485,2618
486,2554
487,2618
488,2554
489,2580
490,2554
491,2626
492,2554
493,2618
494,2514
495,2618
496,2554
497,2618
498,2554
499,2578
500,2560
501,2632
502,2560
503,2618
504,2554
505,2618
506,2554
507,2618
508,2554
509,2618
510,2514
511,2628
512,2554
513,2618
514,2554
515,2630
516,2554
517,2580
518,2554
519,2642
520,2554
521,2578
522,2554
523,2632
524,2554
525,2618
526,2554
527,2632
528,2554
529,2618
530,2562
531,2618
532,2554
533,2638
534,2570
535,2628
536,2554
537,2620
538,2554
539,2618
540,2554
541,2618
542,2514
543,2618
544,2554
545,2618
546,2554
547,2578
548,2554
549,2618
550,2554
551,2618
552,2554
553,2618
554,2554
555,2630
556,2554
557,2618
558,2564
559,2618
560,2554
561,2618
562,2564
563,2618
564,2554
565,2578
566,2570
567,2618
568,2514
569,2618
570,2574
571,2618
572,2576
573,2618
574,2560
575,2618
576,2566
577,2576
578,2554
579,2618
580,2514
581,2622
582,2554
583,2578
584,2514
585,2618
586,2554
587,2632
588,2556
589,2580
590,2554
591,2578
592,2554
593,2618
594,2512
595,2620
596,2554
597,2554
598,2554
599,2554
600,2554
601,2554
602,2566
603,2554
604,2554
605,2554
606,2554
607,2554
608,4048
609,2512
610,2568
611,2554
612,2562
613,2554
614,2554
615,2554
616,2554
617,2514
618,2628
619,2554
620,2618
621,2554
622,2618
623,2554
624,2640
625,2560
626,2618
627,2554
628,2618
629,2554
630,3008
631,2554
632,2630
633,2554
634,2618
635,2568
636,2638
637,2554
638,2618
639,2554
640,2618
641,2554
642,2618
643,2560
644,2618
645,2564
646,2618
647,2554
648,2618
649,2554
650,2624
651,2572
652,2618
653,2562
654,2622
655,2554
656,2630
657,2554
658,2618
659,2562
660,2640
661,2554
662,2636
663,2554
664,2618
665,2574
666,2618
667,2554
668,2618
669,2512
670,2618
671,2566
672,2618
673,2554
674,2618
675,2554
676,2618
677,2554
678,2618
679,2554
680,2618
681,2568
682,2618
683,2554
684,2624
685,2554
686,2618
687,2572
688,2576
689,2554
690,2624
691,2514
692,2618
693,2554
694,2618
695,2554
696,2640
697,2554
698,2618
699,2554
700,2580
701,2554
702,2624
703,2554
704,2618
705,2566
706,2622
707,2554
708,2618
709,2572
710,2618
711,2554
712,2618
713,2556
714,2618
715,2554
716,2618
717,2554
718,2618
719,2558
720,2618
721,2554
722,2644
723,2554
724,2618
725,2554
726,2618
727,2698
728,2618
729,2554
730,2618
731,2554
732,2618
733,2554
734,2618
735,2554
736,2630
737,2554
738,2620
739,2554
740,2554
741,2554
742,2554
743,2562
744,2554
745,2554
746,2554
747,2570
748,2554
749,2554
750,2554
751,2556
752,2554
753,2554
754,2554
755,2554
756,2554
757,2554
758,2554
759,2558
760,2568
761,2618
762,2568
763,2618
764,2554
765,2618
766,2554
767,2630
768,2566
769,2634
770,2554
771,2618
772,2554
773,2618
774,2578
775,2618
776,2554
777,2618
778,2572
779,2620
780,2564
781,2618
782,2512
783,2618
784,2554
785,2630
786,2554
787,2634
788,2554
789,2618
790,2554
791,2684
792,2576
793,2618
794,2554
795,2622
796,2554
797,2618
798,2570
799,2618
800,2554
801,2618
802,2554
803,2618
804,2576
805,2618
806,2568
807,2638
808,2554
809,2624
810,2570
811,2618
812,2560
813,2618
814,2554
815,2618
816,2554
817,2618
818,2514
819,2618
820,2554
821,2638
822,2556
823,2618
824,2572
825,2578
826,2560
827,2618
828,2578
829,2620
830,2554
831,2618
832,2554
833,2618
834,2566
835,2618
836,2556
837,2618
838,2554
839,2634
840,2562
841,2618
842,2554
843,2626
844,2554
845,2618
846,2554
847,2618
848,2558
849,2618
850,2554
851,2618
852,2554
853,2618
854,2554
855,2618
856,2562
857,2636
858,2554
859,2618
860,2554
861,2618
862,3214
863,2618
864,2554
865,2618
866,2554
867,2636
868,2554
869,2642
870,2564
871,2618
872,2554
873,2618
874,2554
875,2618
876,2566
877,2640
878,2554
879,2618
880,2554
881,2554
882,2554
883,2512
884,2554
885,2554
886,2554
887,2554
888,2554
889,2554
890,2554
891,2554
892,2554
893,2562
894,2578
895,2564
896,2560
897,2556
898,2554
899,2512
900,2554
901,2554
902,2566
903,2554
904,2618
905,2554
906,2618
907,2572
908,2618
909,2554
910,2618
911,2554
912,2634
913,2554
914,2626
915,2554
916,2618
917,2554
918,2618
919,2554
920,2618
921,2554
922,2620
923,2554
924,2618
925,2554
926,2618
927,2554
928,2618
929,2554
930,2618
931,2554
932,2618
933,2554
934,2618
935,2554
936,2618
937,2562
938,2618
939,2560
940,2618
941,2568
942,2618
943,2554
944,2626
945,2554
946,2618
947,2554
948,2618
949,2514
950,2618
951,2556
952,2620
953,2554
954,2624
955,2554
956,2618
957,2570
958,2618
959,2554
960,2618
961,2554
962,2618
963,2554
964,2618
965,2554
966,2626
967,2554
968,2618
969,2554
970,2618
971,2554
972,2618
973,2566
974,2640
975,2562
976,2624
977,2554
978,2618
979,2554
980,2630
981,2560
982,2954
983,2576
984,2618
985,2554
986,2618
987,2554
988,2618
989,2554
990,2628
991,2562
992,2626
993,2512
994,2618
995,2560
996,2580
997,2554
998,2622
999,2554
1000,2624
1001,2554
1002,2618
1003,2554
1004,2618
1005,2554
1006,2618
1007,2554
1008,2622
1009,2568
1010,2618
1011,2570
1012,2618
1013,2554
1014,2618
1015,2558
1016,2618
1017,2554
1018,2618
1019,2554
1020,2618
1021,2554
1022,2578
1023,2554
1024,2554
1025,2554
1026,2554
1027,2554
1028,2574
1029,2566
1030,2554
1031,2554
1032,2554
1033,2554
1034,2554
1035,2554
1036,2554
1037,2554
1038,2562
1039,2554
1040,2570
1041,2554
1042,2574
1043,2554
1044,2554
1045,2618
1046,2554
1047,2618
1048,2554
1049,2618
1050,2554
1051,2618
1052,2554
1053,2618
1054,2554
1055,2618
1056,2562
1057,2618
1058,2554
1059,2618
1060,2554
1061,2630
1062,2554
1063,2618
1064,2556
1065,2618
1066,2554
1067,2578
1068,2554
1069,2618
1070,2514
1071,2618
1072,2618
1073,2618
1074,2554
1075,2618
1076,2554
1077,2618
1078,2554
1079,2618
1080,2554
1081,2618
1082,2554
1083,2618
1084,2514
1085,2618
1086,2554
1087,2578
1088,2554
1089,2618
1090,2554
1091,2618
1092,2572
1093,2618
1094,2554
1095,2618
1096,2554
1097,2618
1098,2554
1099,2618
1100,2574
1101,2618
1102,2572
1103,2578
1104,2554
1105,2618
1106,2554
1107,2618
1108,2554
1109,2578
1110,2554
1111,2618
1112,2554
1113,2640
1114,2554
1115,2618
1116,2558
1117,2622
1118,2554
1119,2618
1120,2562
1121,2618
1122,2554
1123,2618
1124,2556
1125,2622
1126,2554
1127,2618
1128,2514
1129,2628
1130,2554
1131,2618
1132,2554
1133,2618
1134,2574
1135,2620
1136,2554
1137,2618
1138,2562
1139,2618
1140,2554
1141,2618
1142,2554
1143,2618
1144,2570
1145,2618
1146,2568
1147,2618
1148,2554
1149,2622
1150,2576
1151,2618
1152,2512
1153,2578
1154,2554
1155,2644
1156,2554
1157,2618
1158,2554
1159,2576
1160,2554
1161,2618
1162,2564
1163,2618
1164,2578
1165,2628
1166,2554
1167,2514
1168,2554
1169,2554
1170,2554
1171,2572
1172,2512
1173,2562
1174,2554
1175,2572
1176,2554
1177,2554
1178,2554
1179,2554
1180,2556
1181,2554
1182,2554
1183,2554
1184,2554
1185,2556
1186,2564
1187,2554
1188,2558
1189,2554
1190,2618
1191,2554
1192,2618
1193,2574
1194,2618
1195,2554
1196,2618
1197,2568
1198,2618
1199,2562
1200,2618
1201,2554
1202,2618
1203,2554
1204,2618
1205,2554
1206,2618
1207,2554
1208,2618
1209,2556
1210,2618
1211,2512
1212,2618
1213,2554
1214,2618
1215,2572
1216,2638
1217,2554
1218,2618
1219,2574
1220,2618
1221,2560
1222,2618
1223,2554
1224,2618
1225,2554
1226,2618
1227,2512
1228,2618
1229,2554
1230,2618
1231,2560
1232,2624
1233,2570
1234,2618
1235,2554
1236,2618
1237,2554
1238,2624
1239,2562
1240,2618
1241,2554
1242,2618
1243,2554
1244,2618
1245,2558
1246,2618
1247,2554
1248,2618
1249,2556
1250,2618
1251,2566
1252,2618
1253,2554
1254,2618
1255,2554
1256,2618
1257,2554
1258,2618
1259,2554
1260,2618
1261,2554
1262,2580
1263,2570
1264,2618
1265,2554
1266,2618
1267,2570
1268,2618
1269,2556
1270,2618
1271,2560
1272,2638
1273,2580
1274,2618
1275,2554
1276,2618
1277,2554
1278,2618
1279,2554
1280,2618
1281,2554
1282,2618
1283,2554
1284,2618
1285,2554
1286,2618
1287,2562
1288,2634
1289,2554
1290,2618
1291,2554
1292,2618
1293,2554
1294,2618
1295,2578
1296,2634
1297,2554
1298,2618
1299,2560
1300,2618
1301,2554
1302,2618
1303,2554
1304,2618
1305,2570
1306,2634
1307,2554
1308,2640
1309,2554
1310,2554
1311,2554
1312,2554
1313,2554
1314,2554
1315,2554
1316,2562
1317,2576
1318,2618
1319,2554
1320,2514
1321,2554
1322,2554
1323,2576
1324,2554
1325,2554
1326,2554
1327,2554
1328,2576
1329,2554
1330,2554
1331,2554
1332,2554
1333,2618
1334,2554
1335,2618
1336,2554
1337,2618
1338,2564
1339,2618
1340,2554
1341,2622
1342,2558
1343,2618
1344,2554
1345,2618
1346,2554
1347,2618
1348,2554
1349,2618
1350,2554
1351,2618
1352,2560
1353,2618
1354,2554
1355,2632
1356,2554
1357,2618
1358,2554
1359,2620
1360,2568
1361,2618
1362,2560
1363,2618
1364,2554
1365,2618
1366,2554
1367,2618
1368,2514
1369,2580
1370,2572
1371,2618
1372,3204
1373,2618
1374,2554
1375,2618
1376,2562
1377,2618
1378,2554
1379,2618
1380,2554
1381,2618
1382,2570
1383,2618
1384,2554
1385,2618
1386,2554
1387,2618
1388,2554
1389,2618
1390,2574
1391,2618
1392,2554
1393,2618
1394,2566
1395,2580
1396,2572
1397,2636
1398,2554
1399,2618
1400,2562
1401,2618
1402,2578
1403,2618
1404,2576
1405,2576
1406,2554
1407,2618
1408,2554
1409,2618
1410,2554
1411,2618
1412,2554
1413,2618
1414,2554
1415,2580
1416,2554
1417,2618
1418,2554
1419,2618
1420,2554
1421,2636
1422,2554
1423,2618
1424,2554
1425,2618
1426,2554
1427,2628
1428,2554
1429,2626
1430,2554
1431,2624
1432,2562
1433,2638
1434,2554
1435,2580
1436,2514
1437,2632
1438,2554
1439,2618
1440,2556
1441,2624
1442,2554
1443,2636
1444,2554
1445,2618
1446,2554
1447,2618
1448,2554
1449,2618
1450,2554
1451,2626
1452,2554
1453,2554
1454,2564
1455,2564
1456,2572
1457,2564
1458,2554
1459,2564
1460,2554
1461,2512
1462,2554
1463,2562
1464,2572
1465,2554
1466,2554
1467,2554
1468,2554
1469,2554
1470,2554
1471,2554
1472,2560
1473,2554
1474,2566
1475,2564
1476,2618
1477,2554
1478,2618
1479,2554
1480,2580
1481,2564
1482,2632
1483,2554
1484,2618
1485,2554
1486,2622
1487,2554
1488,2576
1489,2554
1490,2618
1491,2554
1492,2622
1493,2554
1494,2618
1495,2560
1496,2618
1497,2570
1498,2618
1499,2554
1500,2580
1501,2554
1502,2636
1503,2554
1504,2640
1505,2554
1506,2618
1507,2554
1508,2618
1509,2554
1510,2576
1511,2554
1512,2634
1513,2554
1514,2618
1515,2554
1516,2618
1517,2554
1518,2618
1519,2568
1520,2618
1521,2570
1522,2618
1523,2558
1524,2618
1525,2554
1526,2618
1527,2574
1528,2618
1529,2554
1530,2618
1531,2580
1532,2618
1533,2514
1534,2618
1535,2554
1536,2618
1537,2580
1538,2618
1539,2554
1540,2618
1541,2564
1542,2618
1543,2554
1544,2618
1545,2554
1546,2642
1547,2554
1548,2638
1549,2554
1550,2642
1551,2570
1552,2638
1553,2554
1554,2628
1555,2578
1556,2618
1557,2618
1558,2618
1559,2554
1560,2618
1561,2554
1562,2618
1563,2568
1564,2618
1565,2554
1566,2618
1567,2514
1568,2618
1569,2554
1570,2632
1571,2568
1572,2638
1573,2554
1574,2618
1575,2554
1576,2634
1577,2566
1578,2618
1579,2554
1580,2618
1581,2554
1582,2638
1583,3074
1584,2618
1585,2554
1586,2636
1587,2554
1588,2618
1589,2554
1590,2618
1591,2554
1592,2618
1593,2836
1594,2638
1595,2554
1596,2556
1597,2570
1598,2554
1599,2554
1600,2554
1601,2554
1602,2576
1603,2554
1604,2558
1605,2554
1606,2570
1607,2554
1608,2554
1609,3026
1610,2568
1611,2554
1612,2570
1613,2566
1614,2554
1615,2512
1616,2554
1617,2626
1618,2554
1619,2618
1620,2554
1621,2618
1622,2564
1623,2618
1624,2554
1625,2618
1626,2554
1627,2618
1628,2512
1629,2618
1630,2554
1631,2618
1632,2554
1633,2636
1634,2554
1635,2618
1636,2554
1637,2618
1638,2554
1639,2626
1640,2554
1641,2618
1642,2570
1643,2618
1644,2562
1645,2620
1646,2554
1647,2618
1648,2556
1649,2626
1650,2554
1651,2620
1652,2554
1653,2618
1654,2574
1655,2618
1656,2554
1657,2618
1658,2568
1659,2618
1660,2554
1661,2618
1662,2554
1663,2618
1664,2554
1665,2618
1666,2554
1667,2618
1668,2554
1669,2618
1670,2554
1671,2618
1672,2554
1673,2632
1674,2554
1675,2684
1676,2554
1677,2618
1678,2560
1679,2618
1680,2554
1681,2618
1682,2554
1683,2626
1684,2554
1685,2620
1686,2564
1687,2618
1688,2554
1689,2640
1690,2554
1691,2618
1692,2554
1693,2618
1694,2554
1695,2630
1696,2570
1697,2618
1698,2554
1699,2618
1700,2554
1701,2618
1702,2554
1703,2630
1704,2554
1705,2634
1706,2554
1707,2640
1708,2554
1709,2618
1710,2554
1711,2618
1712,2554
1713,2618
1714,2554
1715,2618
1716,2554
1717,2634
1718,2560
1719,2580
1720,2554
1721,2618
1722,2554
1723,2620
1724,2554
1725,2632
1726,2560
1727,2618
1728,2514
1729,2640
1730,2572
1731,2618
1732,2554
1733,2624
1734,2574
1735,2626
1736,2564
1737,2618
1738,2554
1739,2554
1740,2566
1741,2570
1742,2554
1743,2554
1744,2574
1745,2554
1746,2554
1747,2554
1748,2560
1749,2554
1750,2554
1751,2554
1752,2554
1753,2554
1754,2568
1755,2554
1756,2554
1757,2568
1758,2554
1759,2554
1760,2634
1761,2562
1762,2622
1763,2580
1764,2618
1765,2554
1766,2618
1767,2554
1768,2618
1769,2560
1770,2618
1771,2554
1772,2630
1773,2554
1774,2618
1775,2554
1776,2636
1777,2570
1778,2620
1779,2562
1780,2644
1781,2560
1782,2618
1783,2554
1784,2618
1785,2554
1786,2618
1787,2618
1788,2640
1789,2576
1790,2618
1791,2560
1792,2618
1793,2572
1794,2618
1795,2554
1796,2618
1797,2554
1798,2618
1799,2554
1800,2574
1801,2554
1802,2618
1803,2554
1804,2580
1805,2554
1806,2626
1807,2554
1808,2618
1809,2566
1810,2618
1811,2554
1812,2618
1813,2554
1814,2618
1815,2618
1816,2628
1817,2554
1818,2618
1819,2554
1820,2618
1821,2554
1822,2618
1823,2554
1824,2618
1825,2572
1826,2618
1827,2568
1828,2618
1829,2554
1830,2618
1831,2554
1832,2630
1833,2554
1834,2632
1835,2554
1836,2618
1837,2554
1838,2628
1839,2554
1840,2618
1841,2554
1842,2618
1843,2564
1844,2618
1845,2578
1846,2618
1847,2566
1848,2576
1849,2512
1850,2642
1851,2554
1852,2618
1853,2554
1854,2618
1855,2554
1856,2618
1857,2578
1858,2618
1859,2554
1860,2618
1861,2578
1862,2618
1863,2554
1864,2620
1865,2554
1866,2618
1867,2554
1868,2618
1869,2554
1870,2576
1871,2554
1872,2630
1873,2564
1874,2578
1875,2554
1876,2630
1877,2554
1878,2618
1879,2554
1880,2618
1881,2554
1882,2554
1883,2576
1884,2554
1885,2554
1886,2554
1887,2554
1888,2554
1889,2572
1890,2554
1891,2554
1892,2554
1893,2554
1894,2554
1895,2554
1896,2554
1897,2566
1898,2578
1899,2554
1900,2554
1901,2554
1902,2554
1903,2618
1904,2554
1905,2618
1906,2554
1907,2618
1908,2554
1909,2618
1910,2554
1911,2618
1912,2560
1913,2618
1914,2566
1915,2634
1916,2554
1917,2618
1918,2554
1919,2618
1920,2580
1921,2618
1922,2554
1923,2618
1924,2574
1925,2618
1926,2554
1927,2618
1928,2554
1929,2618
1930,2554
1931,2618
1932,2554
1933,2618
1934,2568
1935,2640
1936,2514
1937,2618
1938,2554
1939,2618
1940,2618
1941,2618
1942,2562
1943,2618
1944,2554
1945,2578
1946,2554
1947,2578
1948,2554
1949,2630
1950,2554
1951,2618
1952,2554
1953,2630
1954,2554
1955,2618
1956,2554
1957,3074
1958,2556
1959,2578
1960,2554
1961,2618
1962,2554
1963,2642
1964,2554
1965,2618
1966,2556
1967,2642
1968,2512
1969,2618
1970,2554
1971,2618
1972,2554
1973,2620
1974,2554
1975,2618
1976,2554
1977,2618
1978,2576
1979,2626
1980,2554
1981,2618
1982,2554
1983,2618
1984,2554
1985,2618
1986,2554
1987,2618
1988,2554
1989,2618
1990,2554
1991,2618
1992,2554
1993,2618
1994,2554
1995,3008
1996,2554
1997,2626
1998,2554
1999,2618
2000,2554
2001,2618
2002,2554
2003,2618
2004,2554
2005,2618
2006,2554
2007,2634
2008,2568
2009,2578
2010,2554
2011,2618
2012,2514
2013,2640
2014,2554
2015,2576
2016,2554
2017,2618
2018,2554
2019,2628
2020,2554
2021,2618
2022,2568
2023,2554
2024,2554
2025,2554
2026,2554
2027,2554
2028,2554
2029,2558
2030,2554
2031,2554
2032,2554
2033,2554
2034,2554
2035,2578
2036,2554
2037,2554
2038,2554
2039,2564
2040,2554
2041,2554
2042,2554
2043,2554
2044,2512
2045,2568
2046,2618
2047,2574
2048,2618
2049,2554
2050,2580
2051,2554
2052,2624
2053,2554
2054,2632
2055,2568
2056,2618
2057,2554
2058,2632
2059,2554
2060,2642
2061,2510
2062,2618
2063,2554
2064,2618
2065,2554
2066,2618
2067,2554
2068,2618
2069,2558
2070,2618
2071,2572
2072,2634
2073,2554
2074,2630
2075,2558
2076,3528
2077,2554
2078,2618
2079,2554
2080,2628
2081,2554
2082,2618
2083,2572
2084,2618
2085,2554
2086,2618
2087,2562
2088,2618
2089,2556
2090,2580
2091,2556
2092,2618
2093,2554
2094,2618
2095,2556
2096,2618
2097,2554
2098,2618
2099,2554
2100,2622
2101,2554
2102,2618
2103,2554
2104,2578
2105,2554
2106,2618
2107,2554
2108,2618
2109,2554
2110,2618
2111,2576
2112,2618
2113,2560
2114,2638
2115,2562
2116,2618
2117,2554
2118,2618
2119,2554
2120,2618
2121,2554
2122,2634
2123,2554
2124,2618
2125,2570
2126,2618
2127,2514
2128,2618
2129,2554
2130,2618
2131,2554
2132,2618
2133,2568
2134,2620
2135,2554
2136,2578
2137,2554
2138,2618
2139,2554
2140,2624
2141,2554
2142,2634
2143,2554
2144,2618
2145,2554
2146,2626
2147,2512
2148,2618
2149,2554
2150,2618
2151,2562
2152,2618
2153,2554
2154,2618
2155,2554
2156,2618
2157,2554
2158,2618
2159,2554
2160,2618
2161,2562
2162,2628
2163,2512
2164,2630
2165,2556
2166,2572
2167,2510
2168,2554
2169,2514
2170,2488
2171,2554
2172,2554
2173,2554
2174,2554
2175,2554
2176,2554
2177,2554
2178,2554
2179,2554
2180,2554
2181,2554
2182,2554
2183,2554
2184,2554
2185,2554
2186,2554
2187,2554
2188,2554
2189,2618
2190,2554
2191,2618
2192,2554
2193,2618
2194,2512
2195,2618
2196,2554
2197,2618
2198,2554
2199,2636
2200,2514
2201,2618
2202,2554
2203,2618
2204,2554
2205,2618
2206,2514
2207,2618
2208,2560
2209,2618
2210,2554
2211,2642
2212,2554
2213,2626
2214,2554
2215,2632
2216,2554
2217,2626
2218,2572
2219,2622
2220,2554
2221,2618
2222,2514
2223,2618
2224,2566
2225,2632
2226,2554
2227,2618
2228,2554
2229,2618
2230,2554
2231,2618
2232,2554
2233,2618
2234,2560
2235,2618
2236,2554
2237,2638
2238,2554
2239,2618
2240,2554
2241,2576
2242,2514
2243,2620
2244,2554
2245,2626
2246,2570
2247,2638
2248,2554
2249,2618
2250,2554
2251,2618
2252,2554
2253,2618
2254,2554
2255,2580
2256,2554
2257,2618
2258,2554
2259,2578
2260,2554
2261,2638
2262,2554
2263,2618
2264,2554
2265,2618
2266,2554
2267,2618
2268,2554
2269,2618
2270,2554
2271,2618
2272,2560
2273,2618
2274,2554
2275,2618
2276,2568
2277,2618
2278,2562
2279,2634
2280,2554
2281,2626
2282,2554
2283,2638
2284,2554
2285,2618
2286,2554
2287,2618
2288,2510
2289,2628
2290,2568
2291,2574
2292,2554
2293,2618
2294,2554
2295,2618
2296,2576
2297,2618
2298,2554
2299,2618
2300,2554
2301,2618
2302,2572
2303,2576
2304,2556
2305,2624
2306,2554
2307,2632
2308,2514
2309,2554
2310,2554
2311,2554
2312,2554
2313,2554
2314,2558
2315,2554
2316,2572
2317,2554
2318,2554
2319,2554
2320,2554
2321,2554
2322,2566
2323,2554
2324,2580
2325,2554
2326,2554
2327,2568
2328,2554
2329,2554
2330,2554
2331,2568
2332,2642
2333,2554
2334,2618
2335,2554
2336,2618
2337,2514
2338,2618
2339,2554
2340,2620
2341,2570
2342,2618
2343,2554
2344,2618
2345,2570
2346,2618
2347,2554
2348,2618
2349,3528
2350,2634
2351,2554
2352,2644
2353,2570
2354,2620
2355,2554
2356,2580
2357,2554
2358,2618
2359,2514
2360,2634
2361,2570
2362,2618
2363,2554
2364,2618
2365,2566
2366,2574
2367,2554
2368,2574
2369,2574
2370,2618
2371,2554
2372,2578
2373,2554
2374,2618
2375,2554
2376,2618
2377,2560
2378,2618
2379,2554
2380,2618
2381,2560
2382,2618
2383,2554
2384,2618
2385,2554
2386,2640
2387,2558
2388,2618
2389,2554
2390,2618
2391,2566
2392,2636
2393,2554
2394,2620
2395,2556
2396,2618
2397,2554
2398,2618
2399,2554
2400,2618
2401,2554
2402,2618
2403,2554
2404,2574
2405,2568
2406,2578
2407,2570
2408,2618
2409,2554
2410,2638
2411,2554
2412,2622
2413,2576
2414,2578
2415,2554
2416,2636
2417,2554
2418,2618
2419,2554
2420,2618
2421,2568
2422,2618
2423,2554
2424,2618
2425,2554
2426,2618
2427,2554
2428,2618
2429,2554
2430,2618
2431,2564
2432,2624
2433,2558
2434,2618
2435,2554
2436,2618
2437,2554
2438,2576
2439,2554
2440,2618
2441,2554
2442,2618
2443,2554
2444,2618
2445,2554
2446,2630
2447,2564
2448,2618
2449,2510
2450,2620
2451,2514
2452,2558
2453,2560
2454,2554
2455,2554
2456,2554
2457,2554
2458,2554
2459,2554
2460,2554
2461,2554
2462,2558
2463,2566
2464,2554
2465,2512
2466,2554
2467,2554
2468,2564
2469,2554
2470,2554
2471,2554
2472,2554
2473,2554
2474,2564
2475,2618
2476,2554
2477,2618
2478,2568
2479,2618
2480,2554
2481,2580
2482,2554
2483,2618
2484,2554
2485,2618
2486,2554
2487,2618
2488,2554
2489,2618
2490,2554
2491,2638
2492,2554
2493,2618
2494,2554
2495,2618
2496,2512
2497,2618
2498,2568
2499,2618
2500,2574
2501,2618
2502,2554
2503,2640
2504,2554
2505,2628
2506,2576
2507,2618
2508,2554
2509,2624
2510,2580
2511,2580
2512,2554
2513,2618
2514,2554
2515,2618
2516,2554
2517,2618
2518,2556
2519,2618
2520,2564
2521,2618
2522,2554
2523,2618
2524,2514
2525,2618
2526,2554
2527,2618
2528,2564
2529,2636
2530,2554
2531,2626
2532,2564
2533,2630
2534,2556
2535,2618
2536,2618
2537,2618
2538,2554
2539,2618
2540,2554
2541,2618
2542,2572
2543,2618
2544,2554
2545,2618
2546,2554
2547,2618
2548,2618
2549,2622
2550,2554
2551,2618
2552,2576
2553,2578
2554,2554
2555,3268
2556,2554
2557,2618
2558,2554
2559,2630
2560,2554
2561,2618
2562,2554
2563,2618
2564,2554
2565,2630
2566,2554
2567,2628
2568,2558
2569,2636
2570,2554
2571,2578
2572,2554
2573,2618
2574,2554
2575,2618
2576,2554
2577,2620
2578,2554
2579,2618
2580,2554
2581,2644
2582,2562
2583,2618
2584,2554
2585,2580
2586,2512
2587,2618
2588,2554
2589,2618
2590,2574
2591,2618
2592,2554
2593,2638
2594,2554
2595,2514
2596,2512
2597,2572
2598,2562
2599,2554
2600,2554
2601,2554
2602,2562
2603,2554
2604,2576
2605,2560
2606,2554
2607,2554
2608,2572
2609,2560
2610,2554
2611,2568
2612,2560
2613,2568
2614,2554
2615,2574
2616,2556
2617,2554
2618,2632
2619,2554
2620,2618
2621,2570
2622,2632
2623,2554
2624,2618
2625,2554
2626,2618
2627,2554
2628,2618
2629,2554
2630,2618
2631,2554
2632,2618
2633,2576
2634,2618
2635,2554
2636,2626
2637,2562
2638,2618
2639,2578
2640,2626
2641,2554
2642,2618
2643,2554
2644,2618
2645,2564
2646,2618
2647,2566
2648,2618
2649,2554
2650,2618
2651,2574
2652,2576
2653,2570
2654,2618
2655,2574
2656,2618
2657,2554
2658,2622
2659,2566
2660,2618
2661,2554
2662,2618
2663,2580
2664,2618
2665,2554
2666,2618
2667,2554
2668,2618
2669,2554
2670,2620
2671,2554
2672,2618
2673,2554
2674,2618
2675,2554
2676,2618
2677,2554
2678,2618
2679,2514
2680,2618
2681,2568
2682,2618
2683,2564
2684,2618
2685,2554
2686,2618
2687,2554
2688,2618
2689,2558
2690,2618
2691,2554
2692,2684
2693,2554
2694,2618
2695,2554
2696,2618
2697,2554
2698,2618
2699,2562
2700,2618
2701,2570
2702,2636
2703,2554
2704,2640
2705,2570
2706,2618
2707,2568
2708,2618
2709,2554
2710,2618
2711,2554
2712,2618
2713,2514
2714,2618
2715,2554
2716,2618
2717,2554
2718,2628
2719,2554
2720,2618
2721,2554
2722,2618
2723,2554
2724,2622
2725,2554
2726,2640
2727,2562
2728,2618
2729,2566
2730,2618
2731,2554
2732,2618
2733,2554
2734,2618
2735,2554
2736,2618
2737,2558
2738,2554
2739,2554
2740,2554
2741,2554
2742,2572
2743,2554
2744,2554
2745,2554
2746,2566
2747,2554
2748,2578
2749,2562
2750,2554
2751,2554
2752,2554
2753,2554
2754,2554
2755,2554
2756,2554
2757,2554
2758,2560
2759,2624
2760,2554
2761,2618
2762,2554
2763,2618
2764,2554
2765,2618
2766,2554
2767,2618
2768,2554
2769,2634
2770,2570
2771,2618
2772,2572
2773,2618
2774,2554
2775,2626
2776,2554
2777,2620
2778,2554
2779,2618
2780,2556
2781,2618
2782,2554
2783,2618
2784,2554
2785,2626
2786,2512
2787,2638
2788,2554
2789,2618
2790,2554
2791,2618
2792,2554
2793,2618
2794,2554
2795,2618
2796,2554
2797,2624
2798,2554
2799,2618
2800,2512
2801,2620
2802,2554
2803,2618
2804,2554
2805,2618
2806,2554
2807,2622
2808,2566
2809,2618
2810,2554
2811,2630
2812,2554
2813,2626
2814,2684
2815,2618
2816,2564
2817,2630
2818,2566
2819,2618
2820,2554
2821,2618
2822,2554
2823,2618
2824,2554
2825,2618
2826,2554
2827,2618
2828,2572
2829,2580
2830,2554
2831,2620
2832,2554
2833,2618
2834,2574
2835,2618
2836,2566
2837,2576
2838,2568
2839,2618
2840,2554
2841,2684
2842,2558
2843,2578
2844,2554
2845,2636
2846,2554
2847,2580
2848,2568
2849,2618
2850,2554
2851,2618
2852,2560
2853,2618
2854,2554
2855,2578
2856,2554
2857,2618
2858,2554
2859,2618
2860,2554
2861,2618
2862,2554
2863,2618
2864,2554
2865,2578
2866,2554
2867,2634
2868,2554
2869,2618
2870,2562
2871,2620
2872,2556
2873,2640
2874,2554
2875,2618
2876,2562
2877,2618
2878,2554
2879,2618
2880,2554
2881,2554
2882,2554
2883,2554
2884,2562
2885,2572
2886,2558
2887,2554
2888,2554
2889,2514
2890,2554
2891,2554
2892,2570
2893,2566
2894,2554
2895,2570
2896,2566
2897,2554
2898,2554
2899,2560
2900,2568
2901,2512
2902,2626
2903,2514
2904,2618
2905,2564
2906,2618
2907,2554
2908,2618
2909,2564
2910,2574
2911,2554
2912,2618
2913,2560
2914,2618
2915,2560
2916,2618
2917,2576
2918,2618
2919,2554
2920,2618
2921,2554
2922,2618
2923,2554
2924,2628
2925,2554
2926,2618
2927,2554
2928,2624
2929,2570
2930,2622
2931,2570
2932,2628
2933,2554
2934,2618
2935,2554
2936,2618
2937,2562
2938,2642
2939,2554
2940,2618
2941,2554
2942,2618
2943,2554
2944,2618
2945,2514
2946,2618
2947,2514
2948,2634
2949,2554
2950,2620
2951,2554
2952,2618
2953,2554
2954,2618
2955,2554
2956,2618
2957,2554
2958,2580
2959,2554
2960,2630
2961,2554
2962,2626
2963,2554
2964,2620
2965,2554
2966,2618
2967,3464
2968,2618
2969,2572
2970,2640
2971,2554
2972,2630
2973,2554
2974,2618
2975,2572
2976,2622
2977,2556
2978,2618
2979,2554
2980,2618
2981,2554
2982,2618
2983,2554
2984,2618
2985,2554
2986,2618
2987,2554
2988,2618
2989,2554
2990,2618
2991,2564
2992,2632
2993,2554
2994,2618
2995,2566
2996,2572
2997,2570
2998,2618
2999,2554
3000,2640
3001,2554
3002,2618
3003,2554
3004,2684
3005,2514
3006,2578
3007,2554
3008,2618
3009,2554
3010,2618
3011,2554
3012,2618
3013,2554
3014,2618
3015,2514
3016,2618
3017,2514
3018,2618
3019,2554
3020,2618
3021,2554
3022,2554
3023,2554
3024,2554
3025,2576
3026,2554
3027,2514
3028,2554
3029,2554
3030,2554
3031,2566
3032,2554
3033,2562
3034,2554
3035,2562
3036,2554
3037,2558
3038,2554
3039,2574
3040,2554
3041,2566
3042,2554
3043,2578
3044,2558
3045,2634
3046,2554
3047,2620
3048,2578
3049,2618
3050,2554
3051,2626
3052,2562
3053,2578
3054,2554
3055,2618
3056,2554
3057,2626
3058,2560
3059,2618
3060,2514
3061,2576
3062,2554
3063,2620
3064,2566
3065,2618
3066,2554
3067,2636
3068,2574
3069,2618
3070,2568
3071,2618
3072,2554
3073,2618
3074,2554
3075,2618
3076,2554
3077,2618
3078,2554
3079,2618
3080,2562
3081,2580
3082,2554
3083,2618
3084,2556
3085,2624
3086,2570
3087,2618
3088,2514
3089,2618
3090,2554
3091,2618
3092,2514
3093,2626
3094,2556
3095,2572
3096,2554
3097,2618
3098,2554
3099,2632
3100,2570
3101,2618
3102,2564
3103,2636
3104,2554
3105,2618
3106,2576
3107,2618
3108,2554
3109,2640
3110,2558
3111,2618
3112,2512
3113,2578
3114,2554
3115,2618
3116,2554
3117,2630
3118,2554
3119,2618
3120,2562
3121,2618
3122,2576
3123,2624
3124,2556
3125,2618
3126,2572
3127,2620
3128,2554
3129,2576
3130,2554
3131,2618
3132,2514
3133,2576
3134,2554
3135,2632
3136,2570
3137,2626
3138,2554
3139,2618
3140,2554
3141,2618
3142,2560
3143,2618
3144,2558
3145,2618
3146,2554
3147,2618
3148,2570
3149,2618
3150,2554
3151,2618
3152,2554
3153,2618
3154,2572
3155,2618
3156,2554
3157,2618
3158,2510
3159,2630
3160,2554
3161,2634
3162,2554
3163,2642
3164,2514
3165,2566
3166,2558
3167,2512
3168,2618
3169,2554
3170,2554
3171,2574
3172,2556
3173,2554
3174,2562
3175,2574
3176,2554
3177,2554
3178,2554
3179,2554
3180,2554
3181,2554
3182,2554
3183,2514
3184,2554
3185,2572
3186,2514
3187,2568
3188,2638
3189,2514
3190,2618
3191,2554
3192,2618
3193,2554
3194,2618
3195,2554
3196,2618
3197,2554
3198,2618
3199,2554
3200,2618
3201,2510
3202,2580
3203,2554
3204,2578
3205,2554
3206,2622
3207,2556
3208,2626
3209,2554
3210,2618
3211,2554
3212,2618
3213,2574
3214,2578
3215,2554
3216,2630
3217,2554
3218,2618
3219,2554
3220,2624
3221,2554
3222,2618
3223,2554
3224,2618
3225,2554
3226,2618
3227,2562
3228,2622
3229,2554
3230,2636
3231,2554
3232,2618
3233,2554
3234,2576
3235,2514
3236,2618
3237,2554
3238,2618
3239,2554
3240,2618
3241,2554
3242,2618
3243,2554
3244,2618
3245,2574
3246,2618
3247,2560
3248,2618
3249,2554
3250,2578
3251,2554
3252,2618
3253,2554
3254,2624
3255,2512
3256,2618
3257,2554
3258,2618
3259,2554
3260,2618
3261,2512
3262,2624
3263,2554
3264,2626
3265,2560
3266,2618
3267,2554
3268,2576
3269,2564
3270,2618
3271,2554
3272,2618
3273,2554
3274,2618
3275,2554
3276,2618
3277,2554
3278,2618
3279,2554
3280,2618
3281,2554
3282,2618
3283,2558
3284,2624
3285,2554
3286,2622
3287,2558
3288,2634
3289,2554
3290,2620
3291,2554
3292,2618
3293,2554
3294,2626
3295,2580
3296,2618
3297,2554
3298,2626
3299,2554
3300,2618
3301,2554
3302,2618
3303,2554
3304,2642
3305,2568
3306,2618
3307,2554
3308,2554
3309,2554
3310,2554
3311,2554
3312,2572
3313,2572
3314,2554
3315,2554
3316,2554
3317,2554
3318,2568
3319,2554
3320,2554
3321,2512
3322,2554
3323,2578
3324,2554
3325,2554
3326,2554
3327,2562
3328,2554
3329,2554
3330,2558
3331,2618
3332,2554
3333,2618
3334,2554
3335,2618
3336,2554
3337,2634
3338,2566
3339,2618
3340,2564
3341,2618
3342,2554
3343,2618
3344,2554
3345,2628
3346,2554
3347,2618
3348,2554
3349,2626
3350,2554
3351,2632
3352,2554
3353,2618
3354,2554
3355,2638
3356,2554
3357,2618
3358,2566
3359,2618
3360,2554
3361,2618
3362,2554
3363,2618
3364,2554
3365,2636
3366,2554
3367,2636
3368,2554
3369,2574
3370,2554
3371,2628
3372,2554
3373,2618
3374,2554
3375,2620
3376,2554
3377,2618
3378,2572
3379,2618
3380,2562
3381,2628
3382,2554
3383,2622
3384,2554
3385,2618
3386,2570
3387,2618
3388,2554
3389,2618
3390,2562
3391,2640
3392,2568
3393,2580
3394,2554
3395,2618
3396,2554
3397,2580
3398,2554
3399,2620
3400,2554
3401,2626
3402,2564
3403,2618
3404,2554
3405,2628
3406,2554
3407,2618
3408,2554
3409,2618
3410,2568
3411,2628
3412,2554
3413,2630
3414,2570
3415,2618
3416,2554
3417,2618
3418,2554
3419,2618
3420,2562
3421,2580
3422,2554
3423,2618
3424,2554
3425,2578
3426,2570
3427,2634
3428,2556
3429,2580
3430,2514
3431,2554
3432,2572
3433,2618
3434,2570
3435,2628
3436,2512
3437,2618
3438,2568
3439,2626
3440,2554
3441,2580
3442,3530
3443,2618
3444,2572
3445,2630
3446,2554
3447,2624
3448,2554
3449,2618
3450,2554
3451,2554
3452,2554
3453,2554
3454,2554
3455,2554
3456,2554
3457,2570
3458,2554
3459,2554
3460,2554
3461,2554
3462,2554
3463,2554
3464,2554
3465,2554
3466,2562
3467,2554
3468,2556
3469,2554
3470,2554
3471,2568
3472,2554
3473,2554
3474,2580
3475,2554
3476,2618
3477,2554
3478,2618
3479,2554
3480,2618
3481,2578
3482,2618
3483,2554
3484,2630
3485,2554
3486,2644
3487,2554
3488,2576
3489,2554
3490,2618
3491,2554
3492,2618
3493,2576
3494,2618
3495,2556
3496,2638
3497,2564
3498,2628
3499,2554
3500,2618
3501,2554
3502,2618
3503,2554
3504,2618
3505,2554
3506,2618
3507,2554
3508,2618
3509,2554
3510,2618
3511,2554
3512,2618
3513,2554
3514,2632
3515,2570
3516,2576
3517,2562
3518,2618
3519,2554
3520,2618
3521,2554
3522,2618
3523,2554
3524,2628
3525,2514
3526,2618
3527,2514
3528,2618
3529,2554
3530,2618
3531,2554
3532,2574
3533,2554
3534,2636
3535,2554
3536,2618
3537,2554
3538,2580
3539,2572
3540,2618
3541,2618
3542,2618
3543,2568
3544,2618
3545,2554
3546,2618
3547,2554
3548,2618
3549,2554
3550,2618
3551,2554
3552,2618
3553,2576
3554,2618
3555,2554
3556,2618
3557,2554
3558,2618
3559,2554
3560,2618
3561,2514
3562,2578
3563,2554
3564,2580
3565,2562
3566,2618
3567,2554
3568,2618
3569,2554
3570,2634
3571,2554
3572,2618
3573,2554
3574,2576
3575,2554
3576,2618
3577,2574
3578,2618
3579,2554
3580,2618
3581,2554
3582,2618
3583,2554
3584,2638
3585,2578
3586,2618
3587,2556
3588,2618
3589,2576
3590,2618
3591,2554
3592,2618
3593,2554
3594,2554
3595,2560
3596,2566
3597,2554
3598,2554
3599,2554
3600,2554
3601,2554
3602,2562
3603,2554
3604,2554
3605,2554
3606,2554
3607,2570
3608,2512
3609,2514
3610,2554
3611,2566
3612,2514
3613,2554
3614,2554
3615,2514
3616,2554
3617,2640
3618,2574
3619,2618
3620,2572
3621,2618
3622,2554
3623,2618
3624,2554
3625,2644
3626,2562
3627,2634
3628,2554
3629,2618
3630,2554
3631,2632
3632,2554
3633,2618
3634,2554
3635,2618
3636,2514
3637,2578
3638,2554
3639,3730
3640,2554
3641,2618
3642,2554
3643,2624
3644,2554
3645,2618
3646,2560
3647,2578
3648,2572
3649,2618
3650,2554
3651,2624
3652,2512
3653,2642
3654,2554
3655,2618
3656,2554
3657,2576
3658,2558
3659,2618
3660,2554
3661,2644
3662,2554
3663,2618
3664,2514
3665,2632
3666,2568
3667,2624
3668,2554
3669,2618
3670,2554
3671,2618
3672,2554
3673,2618
3674,2554
3675,3204
3676,2554
3677,2618
3678,2554
3679,2618
3680,2566
3681,2618
3682,2554
3683,2630
3684,2554
3685,2618
3686,2554
3687,2618
3688,2578
3689,2618
3690,2554
3691,2618
3692,2554
3693,2618
3694,2554
3695,2618
3696,2554
3697,2618
3698,2564
3699,2618
3700,2554
3701,2618
3702,2562
3703,2618
3704,2554
3705,2640
3706,2554
3707,2618
3708,2564
3709,2578
3710,2558
3711,2630
3712,2554
3713,2618
3714,2554
3715,2634
3716,2554
3717,2618
3718,2554
3719,2578
3720,2554
3721,2618
3722,2554
3723,2618
3724,2554
3725,2618
3726,2554
3727,2618
3728,2554
3729,2618
3730,2566
3731,2618
3732,2554
3733,2618
3734,2554
3735,2618
3736,2748
3737,2574
3738,2514
3739,2554
3740,2560
3741,2554
3742,2568
3743,2560
3744,2554
3745,2554
3746,2554
3747,2554
3748,2554
3749,2558
3750,2554
3751,2554
3752,2514
3753,2554
3754,2554
3755,2554
3756,2558
3757,2554
3758,2618
3759,2554
3760,2620
3761,2554
3762,2630
3763,2560
3764,2618
3765,2554
3766,2618
3767,2554
3768,2618
3769,2554
3770,2618
3771,2554
3772,2618
3773,2556
3774,2634
3775,2554
3776,2618
3777,2554
3778,2632
3779,2554
3780,2618
3781,2562
3782,2626
3783,2512
3784,2622
3785,2554
3786,2618
3787,2568
3788,2618
3789,2554
3790,2578
3791,2570
3792,2618
3793,2554
3794,2578
3795,2554
3796,2618
3797,2554
3798,2618
3799,2554
3800,2622
3801,2512
3802,2618
3803,2554
3804,2634
3805,2514
3806,2630
3807,2554
3808,2618
3809,2554
3810,2578
3811,2554
3812,2618
3813,2514
3814,2634
3815,2566
3816,2618
3817,2554
3818,2618
3819,2554
3820,2576
3821,2554
3822,2618
3823,2554
3824,2622
3825,2554
3826,2618
3827,2554
3828,2618
3829,2554
3830,2622
3831,2554
3832,2618
3833,2554
3834,2618
3835,2554
3836,2618
3837,2554
3838,2618
3839,2554
3840,2618
3841,2554
3842,2684
3843,2560
3844,2618
3845,2576
3846,2618
3847,2554
3848,2618
3849,2564
3850,2618
3851,2554
3852,2626
3853,2554
3854,2618
3855,2512
3856,2618
3857,2554
3858,2618
3859,2576
3860,2618
3861,2554
3862,2634
3863,2554
3864,2640
3865,2554
3866,2618
3867,2556
3868,2618
3869,2554
3870,2618
3871,2560
3872,2618
3873,2578
3874,2618
3875,2508
3876,2618
3877,2554
3878,2578
3879,2554
3880,2574
3881,2576
3882,2554
3883,2554
3884,2554
3885,2554
3886,2560
3887,2554
3888,2554
3889,2554
3890,2554
3891,2554
3892,2562
3893,2562
3894,2554
3895,2554
3896,2556
3897,2566
3898,2554
3899,2554
3900,2554
3901,2618
3902,2554
3903,2574
3904,2554
3905,2618
3906,2554
3907,2620
3908,2554
3909,2618
3910,2554
3911,2618
3912,2554
3913,2640
3914,2554
3915,2636
3916,2554
3917,2618
3918,2554
3919,2618
3920,2554
3921,2618
3922,2570
3923,2618
3924,2554
3925,2618
3926,2554
3927,2622
3928,2570
3929,2632
3930,2570
3931,2618
3932,2554
3933,2618
3934,2512
3935,2620
3936,2554
3937,2618
3938,2560
3939,2618
3940,2554
3941,2618
3942,2554
3943,2640
3944,2554
3945,2624
3946,2554
3947,2618
3948,2554
3949,2618
3950,2554
3951,2636
3952,2564
3953,2618
3954,2572
3955,2642
3956,2554
3957,2618
3958,2554
3959,2618
3960,2554
3961,2618
3962,2554
3963,2618
3964,2554
3965,2632
3966,2554
3967,2618
3968,2554
3969,2634
3970,2554
3971,2618
3972,2554
3973,2618
3974,2554
3975,2618
3976,2514
3977,2576
3978,2568
3979,2618
3980,2554
3981,2640
3982,2554
3983,2618
3984,2554
3985,2642
3986,2554
3987,2618
3988,2574
3989,2628
3990,2554
3991,2634
3992,2554
3993,2618
3994,2554
3995,2618
3996,2554
3997,2618
3998,2560
3999,2618
4000,2554
4001,2576
4002,2576
4003,2576
4004,2554
4005,2618
4006,2560
4007,2618
4008,2512
4009,2620
4010,2554
4011,2628
4012,2554
4013,2618
4014,2514
4015,2640
4016,2554
4017,2618
4018,2554
4019,2618
4020,2554
4021,2618
4022,2554
4023,2554
4024,2554
4025,2618
4026,2554
4027,2554
4028,3008
4029,2570
4030,2560
4031,2554
4032,2554
4033,2554
4034,2554
4035,2554
4036,2554
4037,2558
4038,2554
4039,2554
4040,2554
4041,2554
4042,2554
4043,2554
4044,2618
4045,2554
4046,2618
4047,2562
4048,2618
4049,2554
4050,2578
4051,2554
4052,2618
4053,2554
4054,2618
4055,2554
4056,2618
4057,2554
4058,2574
4059,2554
4060,2618
4061,2554
4062,2618
4063,2514
4064,2618
4065,2554
4066,2618
4067,2554
4068,2618
4069,2554
4070,2618
4071,2554
4072,2626
4073,2554
4074,2618
4075,2564
4076,2630
4077,2554
4078,2618
4079,2570
4080,2642
4081,2554
4082,2632
4083,2514
4084,2618
4085,2568
4086,2638
4087,2554
4088,2618
4089,2566
4090,2618
4091,2578
4092,2618
4093,2554
4094,2618
4095,2570
4096,2618
4097,2554
4098,2618
4099,2554
4100,2640
4101,2570
4102,2618
4103,2576
4104,2618
4105,2554
4106,2618
4107,2568
4108,2618
4109,2554
4110,2618
4111,2554
4112,2618
4113,2566
4114,2618
4115,2554
4116,2618
4117,2554
4118,2640
4119,2554
4120,3472
4121,2572
4122,2618
4123,2554
4124,2618
4125,2554
4126,2618
4127,2558
4128,2618
4129,2554
4130,2618
4131,2554
4132,2580
4133,2554
4134,2618
4135,2568
4136,2622
4137,2554
4138,2578
4139,2554
4140,2618
4141,2554
4142,2618
4143,2554
4144,2618
4145,2554
4146,2618
4147,2554
4148,2618
4149,2554
4150,2636
4151,2572
4152,2618
4153,2554
4154,2630
4155,2554
4156,2618
4157,2554
4158,2618
4159,2554
4160,2618
4161,2580
4162,2618
4163,2554
4164,2562
4165,2554
4166,2554
4167,2554
4168,2554
4169,2558
4170,2554
4171,2554
4172,2554
4173,2554
4174,2554
4175,2558
4176,2562
4177,2554
4178,2562
4179,2554
4180,2554
4181,2554
4182,2512
4183,2570
4184,2568
4185,2554
4186,2554
4187,2618
4188,2554
4189,2618
4190,2554
4191,2626
4192,2554
4193,2618
4194,2574
4195,2622
4196,2554
4197,2618
4198,2574
4199,2626
4200,2554
4201,2632
4202,2554
4203,2622
4204,2554
4205,2618
4206,2554
4207,2644
4208,2554
4209,2618
4210,2568
4211,2624
4212,2554
4213,2618
4214,2554
4215,2618
4216,2554
4217,2580
4218,2554
4219,2618
4220,2554
4221,2618
4222,2568
4223,2618
4224,2554
4225,2630
4226,2554
4227,2618
4228,2514
4229,2618
4230,2554
4231,2580
4232,2554
4233,2620
4234,2554
4235,2618
4236,2554
4237,2618
4238,2554
4239,2618
4240,2554
4241,2638
4242,2554
4243,2618
4244,2554
4245,2618
4246,2554
4247,2628
4248,2554
4249,2618
4250,3620
4251,2618
4252,2556
4253,2618
4254,2554
4255,2628
4256,2554
4257,2618
4258,2554
4259,2618
4260,2554
4261,2580
4262,2554
4263,2618
4264,2554
4265,2618
4266,2554
4267,2640
4268,2554
4269,2644
4270,2554
4271,2636
4272,2554
4273,2624
4274,2554
4275,2618
4276,2554
4277,2618
4278,2566
4279,2624
4280,2554
4281,2684
4282,2554
4283,2642
4284,2578
4285,2640
4286,2556
4287,2618
4288,2554
4289,2618
4290,2618
4291,2618
4292,2554
4293,2618
4294,2554
4295,2618
4296,2570
4297,2618
4298,2576
4299,2618
4300,2564
4301,2618
4302,2554
4303,2622
4304,2554
4305,2618
4306,2564
4307,2554
4308,2554
4309,2554
4310,2554
4311,2554
4312,2554
4313,2554
4314,2554
4315,2554
4316,2554
4317,2554
4318,2554
4319,2572
4320,2554
4321,2554
4322,2554
4323,2554
4324,2554
4325,2572
4326,2554
4327,2554
4328,2554
4329,2558
4330,2618
4331,2554
4332,2638
4333,2554
4334,2618
4335,2556
4336,2624
4337,2576
4338,2626
4339,2554
4340,2618
4341,2554
4342,2640
4343,2562
4344,2618
4345,2554
4346,2618
4347,2512
4348,2618
4349,2618
4350,2618
4351,2556
4352,2628
4353,2574
4354,2618
4355,2554
4356,3148
4357,2564
4358,2624
4359,2554
4360,2618
4361,2554
4362,2618
4363,2554
4364,2620
4365,2554
4366,2618
4367,2554
4368,2618
4369,2554
4370,2632
4371,2554
4372,2618
4373,2554
4374,2630
4375,2554
4376,2618
4377,2510
4378,2628
4379,2554
4380,2618
4381,2554
4382,2618
4383,2554
4384,2618
4385,2554
4386,2618
4387,2554
4388,2618
4389,2554
4390,2618
4391,2554
4392,2622
4393,2554
4394,2618
4395,2554
4396,2580
4397,2554
4398,2578
4399,2554
4400,2632
4401,2554
4402,2618
4403,2560
4404,2618
4405,2554
4406,2618
4407,2556
4408,2618
4409,2554
4410,2618
4411,2554
4412,2640
4413,2554
4414,2618
4415,2554
4416,2580
4417,2554
4418,2618
4419,2554
4420,2618
4421,2554
4422,2618
4423,2554
4424,2634
4425,2574
4426,2618
4427,2514
4428,2618
4429,2554
4430,2618
4431,2554
4432,2618
4433,2554
4434,2618
4435,2554
4436,2632
4437,2570
4438,2618
4439,2554
4440,2618
4441,2512
4442,2622
4443,2554
4444,2630
4445,2554
4446,2618
4447,2554
4448,2640
4449,2554
4450,2554
4451,2554
4452,2554
4453,2554
4454,2564
4455,2554
4456,2554
4457,2554
4458,2556
4459,2568
4460,2554
4461,2566
4462,2514
4463,2508
4464,2554
4465,2554
4466,2564
4467,2556
4468,2554
4469,2514
4470,2558
4471,2564
4472,2558
4473,2628
4474,2554
4475,2618
4476,2554
4477,2618
4478,2574
4479,2618
4480,2554
4481,2624
4482,2554
4483,2630
4484,2514
4485,2618
4486,2554
4487,2618
4488,2512
4489,2618
4490,2554
4491,2642
4492,2554
4493,2618
4494,2554
4495,2618
4496,2558
4497,2636
4498,2554
4499,2618
4500,2554
4501,2618
4502,2554
4503,2618
4504,2554
4505,2618
4506,2554
4507,2624
4508,2554
4509,2618
4510,2554
4511,2642
4512,2554
4513,2618
4514,2554
4515,2618
4516,2510
4517,2636
4518,2554
4519,2618
4520,2554
4521,2618
4522,2562
4523,2626
4524,2554
4525,2618
4526,2554
4527,2638
4528,2554
4529,2618
4530,2554
4531,2618
4532,2554
4533,2618
4534,2554
4535,2618
4536,2554
4537,2618
4538,2570
4539,2638
4540,2554
4541,2618
4542,2554
4543,2624
4544,2554
4545,2618
4546,2514
4547,2634
4548,2554
4549,2618
4550,2554
4551,2618
4552,2554
4553,2640
4554,2576
4555,2632
4556,2554
4557,2578
4558,2554
4559,2618
4560,2574
4561,2618
4562,2554
4563,2618
4564,2554
4565,2618
4566,2558
4567,2618
4568,2554
4569,2618
4570,2554
4571,2636
4572,2564
4573,2618
4574,2554
4575,2618
4576,2566
4577,2618
4578,2554
4579,2618
4580,2576
4581,2618
4582,2564
4583,2618
4584,2564
4585,2618
4586,2554
4587,2626
4588,2554
4589,2578
4590,2572
4591,2618
4592,2554
4593,2554
4594,2554
4595,2572
4596,2554
4597,2554
4598,2554
4599,2560
4600,2554
4601,2554
4602,2554
4603,2554
4604,2558
4605,2618
4606,2554
4607,2554
4608,2554
4609,2554
4610,2554
4611,2554
4612,2554
4613,2554
4614,2566
4615,2554
4616,2618
4617,2554
4618,2618
4619,2554
4620,2618
4621,2554
4622,2618
4623,2554
4624,2578
4625,2554
4626,2618
4627,2566
4628,2618
4629,2554
4630,2574
4631,2554
4632,2618
4633,2514
4634,2618
4635,2554
4636,2618
4637,2554
4638,2618
4639,2554
4640,2578
4641,2554
4642,2580
4643,2554
4644,2618
4645,2556
4646,2576
4647,2578
4648,2618
4649,2554
4650,2618
4651,2512
4652,2618
4653,2580
4654,2618
4655,2554
4656,2618
4657,2554
4658,2618
4659,2554
4660,2618
4661,2554
4662,2620
4663,2556
4664,2618
4665,2554
4666,2618
4667,2554
4668,2684
4669,2554
4670,2580
4671,2512
4672,2620
4673,2512
4674,2618
4675,2510
4676,2618
4677,2556
4678,2620
4679,2554
4680,2580
4681,2554
4682,2618
4683,2554
4684,2636
4685,2554
4686,2618
4687,2554
4688,2618
4689,2554
4690,2634
4691,2554
4692,2618
4693,2554
4694,2618
4695,2570
4696,2634
4697,2554
4698,2618
4699,2554
4700,2632
4701,2566
4702,2622
4703,2510
4704,2618
4705,2554
4706,2580
4707,2554
4708,2618
4709,2554
4710,2634
4711,2512
4712,2578
4713,2554
4714,2634
4715,2554
4716,2618
4717,2554
4718,2578
4719,2554
4720,2618
4721,2554
4722,2638
4723,2554
4724,2578
4725,2554
4726,2618
4727,2554
4728,2618
4729,2554
4730,2574
4731,2564
4732,3210
4733,2554
4734,2618
4735,2554
4736,2554
4737,2554
4738,2578
4739,2554
4740,2554
4741,2562
4742,2578
4743,2554
4744,2554
4745,2512
4746,2554
4747,2554
4748,2556
4749,2554
4750,2554
4751,2554
4752,2554
4753,2554
4754,2554
4755,2574
4756,2572
4757,2618
4758,2554
4759,2644
4760,2554
4761,2618
4762,2514
4763,2618
4764,2562
4765,2580
4766,2560
4767,2628
4768,2556
4769,2618
4770,2554
4771,2618
4772,2554
4773,2578
4774,2554
4775,2618
4776,2554
4777,2574
4778,2554
4779,2618
4780,2514
4781,2636
4782,2554
4783,2578
4784,2554
4785,2618
4786,2558
4787,2618
4788,2554
4789,2580
4790,2558
4791,2618
4792,2572
4793,2624
4794,2556
4795,2618
4796,2554
4797,2618
4798,2562
4799,2618
4800,2554
4801,2618
4802,2554
4803,2618
4804,2566
4805,2618
4806,2554
4807,2628
4808,2554
4809,2618
4810,2554
4811,2618
4812,2568
4813,2634
4814,2554
4815,2636
4816,2514
4817,2640
4818,2564
4819,2620
4820,2554
4821,2618
4822,2578
4823,2618
4824,2580
4825,2618
4826,2576
4827,2618
4828,2618
4829,2618
4830,2554
4831,2618
4832,2554
4833,2618
4834,2554
4835,2618
4836,2554
4837,2578
4838,2576
4839,2618
4840,2554
4841,2618
4842,2554
4843,2580
4844,2576
4845,2618
4846,2564
4847,2634
4848,2554
4849,2632
4850,2554
4851,2574
4852,2554
4853,2618
4854,2566
4855,2618
4856,2554
4857,2618
4858,2570
4859,2618
4860,2554
4861,2618
4862,2554
4863,2618
4864,2554
4865,2578
4866,2554
4867,2642
4868,2554
4869,2626
4870,2572
4871,2618
4872,2554
4873,2618
4874,2618
4875,2618
4876,2554
4877,2580
4878,2554
4879,2562
4880,2554
4881,2562
4882,2554
4883,2554
4884,2564
4885,2554
4886,2554
4887,2554
4888,2554
4889,2554
4890,2568
4891,2554
4892,2554
4893,2554
4894,2570
4895,2554
4896,2576
4897,2554
4898,2568
4899,2514
4900,2618
4901,2554
4902,2618
4903,2578
4904,2618
4905,2554
4906,2618
4907,2554
4908,2618
4909,2568
4910,2618
4911,2554
4912,2640
4913,2554
4914,2618
4915,2560
4916,2618
4917,2554
4918,2618
4919,2554
4920,2618
4921,2554
4922,2636
4923,2554
4924,2618
4925,2554
4926,2642
4927,2556
4928,2618
4929,2554
4930,2620
4931,2554
4932,2618
4933,2566
4934,2618
4935,2554
4936,2618
4937,2554
4938,2624
4939,2554
4940,2618
4941,2554
4942,2618
4943,2618
4944,2618
4945,2510
4946,2618
4947,2554
4948,2618
4949,2554
4950,2618
4951,2554
4952,2618
4953,2554
4954,2642
4955,2572
4956,2618
4957,2554
4958,2638
4959,2554
4960,2618
4961,2554
4962,2618
4963,2554
4964,2618
4965,2554
4966,2628
4967,2572
4968,2618
4969,2554
4970,2636
4971,2570
4972,2618
4973,2568
4974,2618
4975,2554
4976,2618
4977,2514
4978,2634
4979,2554
4980,2618
4981,2554
4982,2618
4983,2554
4984,2618
4985,2554
4986,2618
4987,2558
4988,2618
4989,2554
4990,2628
4991,2554
4992,2618
4993,2554
4994,2618
4995,2554
4996,2618
4997,2572
4998,2618
4999,2554
5000,2618
